,sheetname,a,b,c,d,x,y
0,case1,19.3787364351,10.2011191105,478.085571403,10.0,29.4000738686,-936.591287261
1,case1,14.1521093608,13.1214461697,466.540694254,10.0,24.1802343376,-915.807832977
2,case1,19.4420792977,10.2025921357,930.10753721,10.0,29.4530485585,-1840.57040299
3,case1,13.3930371211,13.0483567417,778.950551562,10.0,23.4097883215,-1541.45970926
4,case1,17.8672602468,9.37470517361,268.766420671,10.0,27.9021407395,-520.290875921
5,case1,17.7757173483,12.2868745454,320.023160903,10.0,27.8141110524,-619.983729913
6,case1,15.7309838748,13.8917020767,448.160348455,10.0,25.7619810438,-876.698010959
7,case1,22.0315867352,12.5318689045,332.53829758,10.0,32.0692722258,-640.513139521
8,case1,16.8337504855,12.6752935648,692.254766894,10.0,26.8520606426,-1365.00048974
9,case1,23.4656337996,12.859031727,297.438056882,10.0,33.5088664373,-568.551448238
10,case1,21.1570598737,11.5567503711,155.710901652,10.0,31.2312791496,-288.70799306
11,case1,20.2396875333,11.6234311906,785.804541501,10.0,30.254479292,-1549.74596428
12,case1,21.7795876552,9.77949627623,121.441951247,10.0,31.8601158103,-221.324818563
13,case1,23.0820635213,12.6727902817,712.616407284,10.0,33.0998469882,-1399.47796077
14,case1,19.960172409,11.5006820244,598.885626124,10.0,29.9793758788,-1176.31039781
15,case1,18.3112725265,12.3144277887,305.834087777,10.0,28.3515375862,-591.042475239
16,case1,24.3203990844,11.6357577792,380.304886537,10.0,34.3509949515,-734.653616211
17,case1,24.5448574236,9.84071992612,751.671876193,10.0,34.5579491997,-1478.95817504
18,case1,20.1578909392,9.85086041268,158.179386381,10.0,30.2201674509,-296.350021409
19,case1,24.1552777392,11.8112048783,673.24971624,10.0,34.1728213113,-1320.53294986
20,case1,13.2648825674,10.8489220737,168.502927946,10.0,23.3292667429,-322.892051252
21,case1,17.4975365812,11.8855151583,506.224707799,10.0,27.521015315,-993.066363858
22,case1,23.0334072485,11.7695110847,152.207770938,10.0,33.1107325454,-279.612623543
23,case1,16.8050643843,11.436756611,254.629113721,10.0,26.8499797376,-491.016406446
24,case1,15.5080362916,11.18522184,768.1252003,10.0,25.5225980087,-1519.55714247
25,case1,13.0576721471,14.7657466641,270.610079592,10.0,23.1122368059,-523.396740373
26,case1,14.6531046747,11.1664933538,771.133048203,10.0,24.667585306,-1526.44649838
27,case1,18.0843058615,10.1302595319,294.618439984,10.0,28.1186901978,-571.022314574
28,case1,17.8976891108,12.0436394556,241.433103994,10.0,27.9475730714,-462.924879422
29,case1,13.856132141,9.80894732201,416.925901553,10.0,23.879658977,-820.186723643
30,case1,23.6469397078,12.3692089966,631.359563311,10.0,33.666531094,-1236.70297792
31,case1,22.2863215006,11.0269638767,31.6451665007,10.0,32.6347779979,-39.9770476242
32,case1,15.6694775089,10.9569410482,98.1436127556,10.0,25.7811194257,-179.660806954
33,case1,19.5792971136,12.7484160515,259.836887882,10.0,29.628360263,-497.346062599
34,case1,24.9151762826,11.0657046296,737.579202083,10.0,34.9301790167,-1449.17752325
35,case1,15.353852051,10.7980484147,49.08976361,10.0,25.5738174291,-82.0276267544
36,case1,18.0695025614,10.0340317401,340.128538025,10.0,28.0990032667,-662.153541748
37,case1,16.6302681717,11.4637255094,229.970542891,10.0,26.6801168409,-441.847092101
38,case1,16.2015320894,9.89053704542,566.25100605,10.0,26.2189987904,-1116.40994296
39,case1,21.692920743,12.2895653434,396.076531287,10.0,31.7239490023,-768.170576488
40,case1,24.3419761883,12.7062914746,460.45882872,10.0,34.3695710365,-893.869389778
41,case1,17.5759248007,11.5895705015,194.623642251,10.0,27.6354734268,-370.081789199
42,case1,17.2837446462,10.3975997394,546.969199902,10.0,27.3027541256,-1076.25705542
43,case1,18.8385917631,11.945969506,544.201727059,10.0,28.8605431258,-1067.61889285
44,case1,13.6611602396,9.20008008868,619.451139022,10.0,23.6760122263,-1226.04103772
45,case1,23.5744193053,10.9991254084,122.97354128,10.0,33.6638623293,-221.373537847
46,case1,24.7158227373,10.1504186979,643.867682635,10.0,34.7315874961,-1262.86912384
47,case1,16.3210099075,12.2557085839,497.68174365,10.0,26.3456355016,-976.786768808
48,case1,22.2135944625,11.7234052638,610.128078491,10.0,32.2328091252,-1196.31915726
49,case1,17.3320428556,12.3225840384,292.006193567,10.0,27.3742425908,-564.357760239
50,case1,18.4315920179,11.4395404102,165.946533664,10.0,28.500527115,-312.0219349
51,case1,18.1944754315,10.5860606085,11.6296147606,10.0,29.1047429533,-4.47869348135
52,case1,21.4193420413,11.2502367371,36.9385227342,10.0,31.7239085455,-51.2074666899
53,case1,14.9550012068,13.7046256845,318.419970314,10.0,24.9980406734,-618.180313736
54,case1,13.3856752173,10.5745338111,105.7225666,10.0,23.4856967563,-197.484924172
55,case1,23.456617698,10.590712024,313.115920165,10.0,33.490441312,-602.184510608
56,case1,13.2069623812,10.8149060771,17.6983594712,10.0,23.818030661,-21.3748504842
57,case1,23.1197184726,10.827870247,135.909844678,10.0,33.1993879791,-247.872100637
58,case1,18.8176055917,11.3702020842,6.24389323409,10.0,30.6386172039,7.70002120773
59,case1,13.5218153712,11.1965367046,61.1164701076,10.0,23.705015361,-107.514588139
60,case1,16.8857397304,12.9887016175,679.95753535,10.0,26.9048419551,-1340.04062935
61,case1,19.5419744828,11.0566401518,117.111427942,10.0,29.6363857657,-213.62424125
62,case1,14.6598622212,9.03200848705,615.305197296,10.0,24.6745411294,-1216.91852388
63,case1,23.8869623438,13.6110657117,483.604814711,10.0,33.9151073608,-939.711601367
64,case1,18.6882229431,10.061219433,488.864211734,10.0,28.7088037489,-958.978981091
65,case1,16.5288778176,11.7175475035,243.975288217,10.0,26.5769054174,-469.704151113
66,case1,14.4229811063,11.8543906221,646.200498721,10.0,24.4413258625,-1276.12362571
67,case1,22.0837205233,10.6254570889,168.92302965,10.0,32.1466216985,-315.136881689
68,case1,18.9043806974,13.0998298724,280.65030972,10.0,28.9510573958,-539.296408869
69,case1,17.1873960986,9.68300424366,157.691163851,10.0,27.2488009611,-298.511927359
70,case1,13.85795251,10.2348831195,332.535528953,10.0,23.8887308246,-650.978222276
71,case1,22.2185694388,11.8353027921,481.695494146,10.0,32.2431395312,-939.337116061
72,case1,18.8509632349,9.35993431042,249.767348642,10.0,28.8884378462,-481.323799739
73,case1,22.0551231784,11.6311105453,222.951046291,10.0,32.1072920771,-422.215858858
74,case1,17.4909538139,10.4366892349,329.3777297,10.0,27.5226398944,-640.827816352
75,case1,18.3902732413,10.6491148319,527.763980828,10.0,28.410451039,-1036.48857358
76,case1,17.6003158867,11.3385740006,78.1139503569,10.0,27.7454701639,-137.289010826
77,case1,19.9124952672,12.6527994046,543.947274881,10.0,29.9357563441,-1065.32925509
78,case1,15.1158400468,12.6637118419,620.583733531,10.0,25.1362461759,-1223.38791517
79,case1,13.5611520056,12.9349129528,23.1925929011,10.0,24.1188694203,-29.8891208437
80,case1,14.4169774042,10.7897620335,391.242355834,10.0,24.4445556096,-767.27797223
81,case1,17.173615716,12.2071913559,580.041603704,10.0,27.194661088,-1140.70240034
82,case1,14.5780235592,11.8934639024,719.551552674,10.0,24.5945525541,-1422.63161789
83,case1,22.9670038462,11.2857093028,83.0867948263,10.0,33.1028342068,-141.920876504
84,case1,19.1678073866,11.7416517599,156.954573418,10.0,29.2426166229,-292.99968769
85,case1,13.5569799186,10.1604549849,305.781747999,10.0,23.5902077193,-597.846061095
86,case1,23.8034163513,12.2234540701,319.746283657,10.0,33.8416449553,-613.465696892
87,case1,19.640521041,10.8875580657,107.482401141,10.0,29.7418172342,-194.436723176
88,case1,14.081755539,12.3900620077,632.953015496,10.0,24.1013305496,-1249.43421345
89,case1,19.6708522065,12.0086848397,759.689778529,10.0,29.68665956,-1497.70002001
90,case1,23.6443807349,13.3176860536,176.521234504,10.0,33.7198259701,-326.080402219
91,case1,15.9686999369,10.8654435794,166.15575422,10.0,26.0340930593,-315.477364923
92,case1,20.7744678329,9.21110530137,309.563972635,10.0,30.8042229276,-599.142372136
93,case1,13.0483612083,9.66574342335,264.496908958,10.0,23.0849050888,-516.279713285
94,case1,13.9335087813,12.3627755078,202.929448034,10.0,23.9944303264,-389.56261178
95,case1,19.0946111276,12.0651007121,370.545613419,10.0,29.1271714934,-719.931514998
96,case1,20.6694135515,13.0269213745,199.36785297,10.0,30.7347546844,-375.039371015
97,case1,19.776476226,13.3794205479,870.611339176,10.0,29.7918440715,-1718.06678158
98,case1,15.1110278256,12.6213328459,186.33680828,10.0,25.1787618013,-354.941255888
99,case1,14.962489113,11.1580145722,61.5296666174,10.0,25.143832767,-106.93882955
100,case2,17.2531434629,11.9893480202,3.9492706074,10.0,30.2889820296,11.3439502683
101,case2,18.9750913523,12.011565202,9.60077735973,10.0,30.2261947527,1.78510183478
102,case2,22.0337684468,12.0018510724,8.34430117924,10.0,33.4720975309,7.34701716078
103,case2,16.7702215226,12.004121925,8.70496195573,10.0,28.1492191548,1.3644195361
104,case2,14.5400319446,12.0061040787,11.663426076,10.0,25.5694125057,-6.78071612869
105,case2,16.9334623527,11.9869686683,5.78444160556,10.0,29.0057399355,7.3515478098
106,case2,15.2524428645,11.989403178,8.28931702243,10.0,26.6988109001,0.663211997653
107,case2,22.7540949891,11.9765663477,5.67492290837,10.0,34.8645318251,13.38081552
108,case2,20.7212905763,11.9996323977,9.02254404948,10.0,32.0512516529,4.675834875
109,case2,13.7457265493,11.9999749454,3.20055003002,10.0,27.4950742654,9.34460143466
110,case2,18.1488963719,11.989689493,9.26717782695,10.0,29.4426763896,1.60423021103
111,case2,23.9988868437,12.0031808683,10.8927514593,10.0,35.1008288932,4.21656479345
112,case2,17.868795092,12.0044245386,5.45480840599,10.0,30.0695001664,8.96360281862
113,case2,22.8541759775,12.0050563073,3.21980790576,10.0,36.5826767635,18.4196164733
114,case2,16.4322938064,11.9837265621,6.91865423942,10.0,28.1643830463,4.5787118897
115,case2,22.1361304065,11.9941305707,7.59325654422,10.0,33.7157070349,8.94374788877
116,case2,13.7263940799,12.0031135819,10.4796190107,10.0,24.8717709844,-5.22973035944
117,case2,15.1154228371,12.0207836964,7.69573970735,10.0,26.6774278105,1.74472711879
118,case2,17.3963921217,12.0080891808,5.67533948028,10.0,29.512228403,8.05380234197
119,case2,13.4564611202,11.9929058233,6.86510400839,10.0,25.2033983565,1.71915892675
120,case2,13.8214896683,11.9828888566,8.05286735649,10.0,25.3095172647,-0.30135618804
121,case2,22.3325213998,12.0230675607,12.0239819568,10.0,33.3324453522,0.307625046919
122,case2,18.663712074,12.0046963353,8.55929325643,10.0,30.0662456683,3.54982189648
123,case2,16.8891819724,12.0105453519,8.66705267077,10.0,28.2749524077,1.5656219828
124,case2,13.711544447,12.0077065092,7.00974874783,10.0,25.4245454319,1.69975346054
125,case2,19.781974547,12.0086702337,10.2458151072,10.0,30.9540306605,1.29901456623
126,case2,15.0423185663,11.9964798509,5.16101789807,10.0,27.3667592266,6.71676262109
127,case2,23.887354499,11.9951044638,9.50119041068,10.0,35.1498388768,6.88007814147
128,case2,16.4493189483,11.9961071786,11.3109287439,10.0,27.5098956216,-4.17643136078
129,case2,22.7189236014,11.9930564434,6.86309525827,10.0,34.4663940928,10.9857895283
130,case2,16.146553712,12.0008060536,7.65565948742,10.0,27.7141268353,2.83604079072
131,case2,19.6850960824,12.0101375487,11.1867535353,10.0,30.7586995645,-0.678273439371
132,case2,17.0534991495,12.0136238776,7.20968360864,10.0,28.7198169146,4.64775580985
133,case2,18.8211180307,11.998184786,8.95804775755,10.0,30.1604929828,2.90320730161
134,case2,12.9867787598,12.0289262538,6.2621607986,10.0,24.9076694301,2.4913834164
135,case2,15.4146857523,12.0025114254,8.18598815983,10.0,26.8809120883,1.04522085811
136,case2,16.8453837484,11.9960540473,5.98495280326,10.0,28.8497527788,6.87153218919
137,case2,17.2486580873,11.9902673948,9.70120457363,10.0,28.4846146434,-0.163483665161
138,case2,17.8815829166,11.9938846219,11.2938842833,10.0,28.9435633939,-2.71230102813
139,case2,16.7519772169,11.9973449805,9.6833935032,10.0,27.9909380188,-0.617464809066
140,case2,15.7690812575,12.0165245621,4.76159805858,10.0,28.2927139569,8.26240970248
141,case2,21.9228150344,11.9968397034,6.24356430152,10.0,33.8442879502,11.4325261348
142,case2,15.699569112,12.0051025609,2.39962875133,10.0,30.7024690623,12.9054141702
143,case2,23.2487239306,11.9968608404,10.8704381277,10.0,34.3523464984,3.50470851549
144,case2,13.3968233688,12.0023889703,3.89570180813,10.0,26.4777544979,7.60780872288
145,case2,21.771288031,12.0018136858,9.52178697887,10.0,33.031746148,4.72952775903
146,case2,12.8523138203,11.9845718319,11.7558608616,10.0,23.8717688796,-8.67483607109
147,case2,19.4192394577,11.9988147364,4.181244045,10.0,32.2889152306,13.0555661041
148,case2,15.7229144576,11.9806382205,4.94883272855,10.0,28.1438162899,7.805887221
149,case2,12.2539686577,12.0208792645,9.94079234224,10.0,23.463216256,-5.60673676224
150,case2,20.3997528592,12.0030923726,11.7562322962,10.0,31.4207510897,-1.10961936065
151,case2,14.7537093721,11.9911480028,3.46116795853,10.0,28.218189613,9.82252145777
152,case2,18.8765433166,12.0044845904,7.79070625731,10.0,30.4174157605,5.29961539243
153,case2,17.0967409068,11.9888422746,10.4926746945,10.0,28.2393325361,-1.89976620751
154,case2,14.2989253654,11.9811445896,9.13284862417,10.0,25.6107991392,-1.98562729326
155,case2,17.3289631488,11.9956778501,6.94468541687,10.0,29.0562808213,5.43527016523
156,case2,14.9221746012,12.0139463452,6.78057178715,10.0,26.6939936634,3.37497737204
157,case2,20.6628007682,11.9982844218,8.47310575183,10.0,32.0788440436,5.71487368631
158,case2,17.0239261097,11.9948665357,9.93520869493,10.0,28.2312350756,-0.851624744429
159,case2,22.7541815627,12.0003714929,6.52568239702,10.0,34.5931266358,11.7031882616
160,case2,19.1938647119,12.0010748908,6.58483452799,10.0,31.0163972053,8.02527054672
161,case2,13.3921402533,11.9969528916,2.72835121937,10.0,27.7892841424,9.93239070619
162,case2,21.7892690061,12.0169034331,7.72668294721,10.0,33.3445163892,8.35280654482
163,case2,23.1812174609,11.99697286,10.8084198042,10.0,34.2911829394,3.5613507126
164,case2,18.0077290336,12.0089657954,4.8280967476,10.0,30.4950374748,10.3605013338
165,case2,21.7870343361,12.0008987277,4.21739526231,10.0,34.6326055907,15.3531425393
166,case2,22.6262865045,11.9856367532,7.9179802106,10.0,34.1400105143,8.7759628365
167,case2,23.5998835852,11.997358453,7.69172342009,10.0,35.1596586574,10.2137951981
168,case2,16.1739623197,11.9823390534,6.6530217516,10.0,27.9749994275,4.8502578699
169,case2,20.3652044486,11.9918785308,11.1297894222,10.0,31.4426622581,0.0975041351199
170,case2,20.1263529758,11.9921007926,10.3925121761,10.0,31.2802703914,1.33342941619
171,case2,14.4194296268,11.9916679379,5.26022837423,10.0,26.6991154284,5.8906408163
172,case2,20.1380305176,11.999954631,9.87931665656,10.0,31.3526848351,2.37935183544
173,case2,14.7224314298,11.9992235669,12.7057934463,10.0,25.6668213742,-8.68993189605
174,case2,15.688625926,11.9919371534,9.35206157445,10.0,26.970903321,-1.02356006955
175,case2,16.3562104084,11.9859228221,7.30582230675,10.0,27.9968091417,3.73048861701
176,case2,23.5489381513,12.0046672346,8.3826034833,10.0,34.9810310874,8.78839841937
177,case2,22.3911793398,11.9903661218,8.37927521258,10.0,33.8221343827,7.62299503637
178,case2,13.0425639377,11.98055612,3.9160686619,10.0,26.1018964352,7.19098273388
179,case2,19.125156897,11.9826154318,3.10754596078,10.0,32.9811305762,14.8926804072
180,case2,19.187789843,11.9981786839,8.18692422597,10.0,30.6533193084,4.81212007494
181,case2,18.2669182747,11.9922502788,7.08774467865,10.0,29.9588881216,6.08367919623
182,case2,15.4781447964,12.0171435672,4.4238201458,10.0,28.1946077562,8.64764807201
183,case2,20.5115401168,12.0271052716,8.03471886001,10.0,32.0084319784,6.46920766838
184,case2,23.647844768,11.9886722833,7.99245898025,10.0,35.1478427427,9.65159909082
185,case2,23.8378646593,12.0205148199,10.4070618534,10.0,34.9928990955,5.04425577248
186,case2,18.5191179003,11.992013961,7.4350432064,10.0,30.1320223083,5.64104544855
187,case2,12.3140753009,12.0030359579,9.289351311,10.0,23.606203842,-4.26159136321
188,case2,21.7965158365,11.9992537994,5.48993805648,10.0,33.9821969272,12.8158935229
189,case2,15.6873011065,12.0175083962,11.6636809032,10.0,26.7176369409,-5.62255230383
190,case2,12.3143871948,12.0009123488,6.39579373027,10.0,24.190762959,1.52371208302
191,case2,14.375856868,12.0037345924,10.1589512794,10.0,25.5574487727,-3.93831109834
192,case2,18.941259518,12.0153025807,8.00166000326,10.0,30.4428607578,4.95324209227
193,case2,20.2471720694,12.0063856013,9.90787496934,10.0,31.4589743619,2.43780773197
194,case2,14.2833341586,12.0006849627,10.0306606076,10.0,25.479734419,-3.77730209389
195,case2,20.3719605419,11.9983354141,5.563875702,10.0,32.5284313289,11.242544552
196,case2,21.9927574659,11.9878791244,11.0583255677,10.0,33.0768166258,1.86398545486
197,case2,18.0292390798,12.0129287153,7.14336601796,10.0,29.7109292921,5.75543575921
198,case2,14.9848726752,12.0062899833,9.11971836821,10.0,26.3013924951,-1.24827407789
199,case2,12.2616242515,11.9895861187,7.76924233456,10.0,23.8048360092,-1.28727429893
200,case3,36.257830365,19.5543971906,4.75238339985,10.0,50.3724809614,36.3074607559
201,case3,21.7681263899,8.77343244775,7.321900975,10.0,32.9663715557,5.89775688763
202,case3,15.5286497272,6.36232578111,6.72281028901,10.0,26.4750286235,-1.55464506967
203,case3,19.3942858695,32.1405590653,8.82486026811,10.0,33.0363332322,23.8851243986
204,case3,39.3499803775,25.6880022359,7.69811129717,10.0,52.6869030647,39.641760019
205,case3,47.4745712102,22.301392125,8.71602408308,10.0,60.0332369404,42.343915169
206,case3,43.2600777533,3.59054705493,8.68199811204,10.0,53.6736400472,19.4866285842
207,case3,24.7495851411,7.64361298888,7.96110243311,10.0,35.7097050558,6.47099326373
208,case3,37.6364095778,13.3487701194,8.57901943184,10.0,49.1923881165,23.8271408336
209,case3,36.8800860511,15.2552529099,6.65116521547,10.0,49.1737071559,28.8330085301
210,case3,24.3209044676,26.5000368618,8.54956158118,10.0,37.4204829209,23.721818167
211,case3,47.0418680055,20.3581343431,4.78771082321,10.0,61.2940325774,47.8245807021
212,case3,27.6811130685,16.5333695527,8.21111096192,10.0,39.6946493158,17.7922606974
213,case3,31.2925082462,10.3072956951,8.84416757989,10.0,42.4579424831,13.9114687815
214,case3,40.0740033308,9.14050616981,8.52581614951,10.0,51.1461008297,22.1628772016
215,case3,37.9352106067,-2.7671564586,9.79167119152,10.0,47.6526075245,5.58471176503
216,case3,18.6243039326,22.1466609994,7.02340496182,10.0,31.7775694954,16.7241550084
217,case3,34.3245930318,13.5966205298,9.23060775812,10.0,45.7975860227,19.4599980453
218,case3,14.7392859564,3.72410720666,5.54185620209,10.0,25.4112823185,-2.62031924108
219,case3,39.0849456305,-0.244132870349,7.02324127711,10.0,49.0501849181,14.7943302059
220,case3,16.619336906,17.0682853272,8.37306552282,10.0,28.6578119759,6.94149118753
221,case3,21.730326718,23.3968050832,7.09551206338,10.0,35.0277356822,20.9361076744
222,case3,35.6487787497,16.7845695343,6.52761538287,10.0,48.220095923,29.3781175183
223,case3,13.068135849,6.47905911597,7.62500216356,10.0,23.9178482788,-5.70280936216
224,case3,42.9556176201,6.51381685769,7.53889759426,10.0,53.8196453876,24.3916392893
225,case3,30.089310615,35.1979808254,6.09716366706,10.0,45.8621556208,43.0929641063
226,case3,38.396829347,-2.03301131731,7.25254918069,10.0,48.1165125554,11.8587196683
227,case3,32.9814300706,4.87282956679,2.32475808992,10.0,45.0774888339,23.2047434576
228,case3,20.7434670998,3.86770267461,8.01202965118,10.0,31.2262040395,-1.41288952793
229,case3,33.9591559603,21.4524912346,4.52912239798,10.0,48.6957228599,36.3534023989
230,case3,27.0023253295,-12.2626221012,10.8595886637,10.0,35.8731276701,-16.9794740991
231,case3,40.8424290542,-2.2944924364,8.38935673743,10.0,50.5689286526,11.7692231429
232,case3,17.1464351827,6.26655470686,5.97111039446,10.0,28.1959141393,1.47076910062
233,case3,44.4979716945,-1.47244902489,9.01814054023,10.0,54.3346953497,14.9892415892
234,case3,19.0882532036,9.25168634791,8.85131783668,10.0,30.1334858479,0.637303878153
235,case3,16.8431646083,9.09646612931,6.86976232616,10.0,28.167295735,2.20010608527
236,case3,45.8108572065,-1.90971869669,9.37599632322,10.0,55.607175525,15.1491458634
237,case3,46.2671857701,7.10989679613,8.66669007604,10.0,57.0875562615,26.0437024142
238,case3,14.5696378445,19.5071030627,8.35516951924,10.0,26.9043724083,7.36640186872
239,case3,24.7095042794,11.2875008779,9.65660558313,10.0,35.8783933658,6.68379399105
240,case3,48.2435266808,-11.1918447844,7.98723738496,10.0,56.8423106852,11.0772071266
241,case3,39.1538304451,16.6371969452,9.29776954319,10.0,50.9432055063,27.1954883039
242,case3,40.6027865633,7.14957201221,9.39695028035,10.0,51.3636261761,18.9584580148
243,case3,34.2693020694,13.9387285248,4.90692751768,10.0,47.1099245311,28.3941755588
244,case3,23.7855077954,8.79735244285,10.0178652931,10.0,34.6636741698,2.54712965207
245,case3,18.0536712874,15.2757820955,7.75962371633,10.0,30.0222953669,7.81020595026
246,case3,44.6149191453,9.413307066,6.48097235191,10.0,56.067372042,31.0662815075
247,case3,32.3490282438,18.2720558579,9.99396025673,10.0,44.1773380818,20.6331635882
248,case3,34.0084455102,-2.17106685634,9.34334274603,10.0,43.7760804011,3.1506931618
249,case3,29.4723069306,7.70166488898,8.603148312,10.0,40.3675216369,9.96767519562
250,case3,34.5711466147,23.2591214637,8.97464360842,10.0,47.1627950944,29.8809808616
251,case3,34.6267874468,3.17248328593,6.75632889593,10.0,45.0963447071,14.2866129409
252,case3,27.6986001051,3.116936379,5.68204038621,10.0,38.2471594547,9.45145571165
253,case3,19.3705230573,26.4039251149,8.84541567472,10.0,32.3555636802,18.0836168228
254,case3,15.6665502949,-8.40261387352,8.70573561599,10.0,24.7013689198,-20.1475348106
255,case3,13.0608409373,-2.61829364603,9.66132082313,10.0,22.7898331016,-18.880094355
256,case3,49.3555263238,26.9902506377,2.80951073098,10.0,68.9622704234,60.7267554995
257,case3,22.2460382684,0.4815366296,9.91596259416,10.0,32.2946000319,-7.10435029029
258,case3,33.1273492656,19.83389105,6.44319426546,10.0,46.2056191785,30.0748517847
259,case3,36.5399152892,22.8725934282,7.65578910367,10.0,49.5275359144,34.1009305101
260,case3,39.5943011891,12.5130849551,5.19863578672,10.0,52.0012951523,31.7101145708
261,case3,42.5842019334,19.1811485947,2.33944730855,10.0,60.7832105303,47.086455911
262,case3,31.3427113019,23.30188428,8.15957779152,10.0,44.1984821365,28.3254399988
263,case3,13.6074097625,8.17950804582,9.52255211829,10.0,24.4663715139,-7.25818642831
264,case3,21.3877182075,18.7504134328,6.59806695941,10.0,34.2295222613,16.9419977214
265,case3,13.3201686194,17.4751197754,8.75058359914,10.0,25.3171919696,3.29412119653
266,case3,28.2564007491,19.6845589854,6.29074602497,10.0,41.3855302526,25.3594676846
267,case3,25.7302245486,18.4059854931,6.35599170685,10.0,38.626072489,21.4242266281
268,case3,38.7714527884,12.4700132855,10.1289508906,10.0,50.0025786394,20.9835642927
269,case3,41.5348703406,14.2839605925,7.45608948143,10.0,53.4506145961,30.9066519702
270,case3,46.0267234024,7.19397378241,3.79292420458,10.0,57.9234061185,35.6348487756
271,case3,28.6935662785,10.0974046193,7.05897157037,10.0,40.1240019331,14.6730277571
272,case3,20.573410456,12.7864285164,10.1953251462,10.0,31.8275566782,2.96918867986
273,case3,29.348683669,15.5321892633,6.22653008507,10.0,41.8432013299,22.4278127621
274,case3,31.0107927083,6.55990914647,5.0984220605,10.0,42.2974474946,17.3738577338
275,case3,20.211363483,-2.43457549502,6.85678129465,10.0,29.8563025017,-5.93677460136
276,case3,42.226575437,23.2340653856,7.88823442527,10.0,55.1719830065,39.6841719721
277,case3,25.1213443129,19.3169469358,8.72115256918,10.0,37.3362977588,16.9959861103
278,case3,17.0492294865,1.76137215827,5.97083051524,10.0,27.3442256606,-3.13105938572
279,case3,35.2831776605,18.4554780812,8.05817130832,10.0,47.5734588391,27.6223131251
280,case3,13.4342526914,-8.62719448809,8.78240607,10.0,22.451925705,-22.7577539367
281,case3,48.8924919958,21.1097645642,4.93214303539,10.0,63.1725309997,50.1379704892
282,case3,21.1984193794,16.1108148604,9.62758856945,10.0,32.8718202258,8.05405710097
283,case3,25.8785314829,22.7496904921,6.01359460711,10.0,39.6615750664,26.6010327608
284,case3,26.3861761048,7.38787262572,4.42654342908,10.0,38.0551696986,14.9209618723
285,case3,34.6675137631,15.4424700279,7.67837108917,10.0,46.6786786116,24.7532416127
286,case3,39.1231604698,9.36355965833,7.12911494696,10.0,50.4365857306,24.2284902342
287,case3,24.2448305833,13.0743646925,7.56963730727,10.0,35.9720420945,12.1799206612
288,case3,42.324974508,-6.7884128617,9.63677264466,10.0,51.6205464685,6.26301635702
289,case3,25.7090974607,8.48719756718,7.49118863418,10.0,36.8420548566,9.21391775953
290,case3,21.3421771793,17.9159819697,7.13583308202,10.0,33.8528836047,14.9864929849
291,case3,16.7419410001,6.25054720722,8.88315578281,10.0,27.445581391,-4.7738233583
292,case3,38.7994368054,17.3187216268,6.65325749329,10.0,51.4024807496,32.8116434456
293,case3,29.0366234925,19.3541023534,9.3214122793,10.0,41.1129292897,19.7479012874
294,case3,49.4765655817,10.3080910526,8.08490628764,10.0,60.7515452395,33.6148440589
295,case3,40.1855675145,15.3008048368,4.73585784529,10.0,53.4164087552,36.0146566607
296,case3,37.069750562,27.4257080819,7.61441755193,10.0,50.6715635562,39.2666235401
297,case3,29.0286340772,1.69518195271,5.10679852979,10.0,39.3605801963,10.5102189704
298,case3,42.2367912602,12.257026584,8.01481640033,10.0,53.7660872505,28.4641850436
299,case3,32.6645937942,1.99570361803,4.49709419442,10.0,43.1083700488,15.6661090234
300,case4,1.35482123679,4.33334102843,5.31707275119,10.0,12.1698074578,-14.9459832372
301,case4,1.91048361248,10.2133275344,5.79414175584,10.0,13.673182553,-9.46447236475
302,case4,1.19587980754,2.28435743077,6.14268275944,10.0,11.5677625044,-18.8051282806
303,case4,1.89185385539,2.55880097224,5.83549224424,10.0,12.3303431662,-17.2203296608
304,case4,1.33338446187,1.56891111811,6.3208000035,10.0,11.5815984723,-19.739304427
305,case4,1.0578994808,4.02228714833,5.74385170703,10.0,11.7581764645,-16.4075167849
306,case4,1.01873378976,7.58530798964,6.02592741259,10.0,12.2775123097,-13.4478130458
307,case4,1.952193636,9.06918248586,5.64204811219,10.0,13.5596209931,-10.2627201025
308,case4,1.99117636575,2.91170438041,5.84549486786,10.0,12.4892872094,-16.7881089896
309,case4,1.51316533803,7.48936996546,6.4683157584,10.0,12.6710200633,-13.9340962133
310,case4,1.24730887929,6.64353373509,6.15645125169,10.0,12.3264262902,-14.422059889
311,case4,1.93649186102,3.09527922865,5.98347271928,10.0,12.4537966728,-16.9351743489
312,case4,1.60152116922,7.97516456363,6.05035477279,10.0,12.9196528926,-12.5240238127
313,case4,1.7845065275,2.5521439594,5.99868873258,10.0,12.2099568339,-17.6607269783
314,case4,1.0480077457,-2.58510283362,5.61360123215,10.0,10.5875007152,-22.7642975522
315,case4,1.83358004435,2.19600262223,5.16475682699,10.0,12.2587699799,-16.2999309874
316,case4,1.10824425407,-0.850383452973,6.42897394718,10.0,10.9759706658,-22.6000870933
317,case4,1.62180096841,2.82213361814,6.21219840682,10.0,12.0760900032,-17.9804622271
318,case4,1.13745174577,0.64350563287,5.57615021781,10.0,11.2528549555,-19.371343057
319,case4,1.29589654879,-0.317060544979,6.36051573517,10.0,11.2460483041,-21.7421954665
320,case4,1.7481555078,-0.610805162575,6.46197675494,10.0,11.653632549,-21.7866031646
321,case4,1.44451127301,6.31766928356,5.61006828508,10.0,12.570641823,-13.4579560136
322,case4,1.35099734391,-1.11229155235,5.83127367412,10.0,11.1602514427,-21.4238415567
323,case4,1.61521915265,7.26311188026,5.73876761149,10.0,12.8808413859,-12.5992041901
324,case4,1.26462680528,10.5737689161,5.15735303576,10.0,13.3148585507,-8.47631035017
325,case4,1.95740632935,1.43693385657,6.09708694952,10.0,12.1930818033,-18.7998337131
326,case4,1.55081396278,8.4689891629,5.68351629418,10.0,13.0409107135,-11.3472294627
327,case4,1.22799748557,-3.51970931584,5.18577418663,10.0,10.5492735016,-22.6632602035
328,case4,1.18250643184,1.25332145553,6.29495370528,10.0,11.3816058239,-20.1540795232
329,case4,1.05921660983,-0.330636653663,5.8787591079,10.0,11.0029740172,-21.0289382596
330,case4,1.72783872399,7.80478188587,6.11867499035,10.0,13.0034060483,-12.7047293709
331,case4,1.87553394138,8.63432826947,6.25588820771,10.0,13.2557261671,-12.0019142046
332,case4,1.20028080022,10.3659342011,5.6086174845,10.0,13.0484963774,-9.65101996771
333,case4,1.28230630474,6.52064313385,5.81587133117,10.0,12.403487081,-13.8287932238
334,case4,1.26485826387,7.60838442479,6.51482169026,10.0,12.4327159254,-14.1564006919
335,case4,1.56002118631,1.86800423285,6.25579948124,10.0,11.8586247842,-19.0835735433
336,case4,1.88646950668,8.7635406067,5.96868738974,10.0,13.3547220779,-11.2873646661
337,case4,1.71178211301,1.79617273507,5.19267434849,10.0,12.0576872506,-16.8773938489
338,case4,1.65611352308,5.98371872049,6.78235815382,10.0,12.5383610519,-15.9248840641
339,case4,1.31663221715,0.555994874955,6.03434068873,10.0,11.4087706799,-20.1960542854
340,case4,1.68716296829,1.91382340792,5.93518549481,10.0,12.0096168174,-18.2693846134
341,case4,1.6894100936,7.08849609489,6.09483898666,10.0,12.8524426381,-13.4117717848
342,case4,1.4633220551,1.59467469525,5.7747731911,10.0,11.7394670469,-18.4915496319
343,case4,1.33897175516,9.50951228487,5.52576136389,10.0,13.0599132976,-10.2030386878
344,case4,1.39481193848,-3.41131244471,6.56370682838,10.0,10.8750884752,-25.143914163
345,case4,1.49826168583,6.34236493181,5.6072418074,10.0,12.6293641333,-13.3738569972
346,case4,1.25610792759,1.91232085076,6.20739379585,10.0,11.5641793846,-19.2463588134
347,case4,1.85198691612,0.50210109066,6.58381043247,10.0,11.9282499094,-20.8135328582
348,case4,1.25189147441,3.00914642918,6.85461773413,10.0,11.6908869875,-19.4481975647
349,case4,1.45864206672,5.80569168691,5.6341589206,10.0,12.4890872084,-14.0039840876
350,case4,1.53055477079,1.75162605396,5.50666803666,10.0,11.8486465901,-17.7311552486
351,case4,1.22137228976,2.50766851356,6.16269372511,10.0,11.6282833948,-18.5963466469
352,case4,1.96882638596,12.6694417588,6.78759927523,10.0,13.8353835065,-8.93693040565
353,case4,1.23808240713,6.35180577978,5.74664237606,10.0,12.3433897091,-13.9033965652
354,case4,1.84101883098,-5.76743601283,6.7564299651,10.0,10.9873970155,-27.4392771121
355,case4,1.46085342677,0.687200895669,5.97663885533,10.0,11.5758345913,-19.8052233882
356,case4,1.34776411957,2.07104664395,5.3126429442,10.0,11.7375977044,-17.2064751249
357,case4,1.08585427788,7.39342978943,5.57956239959,10.0,12.410945613,-12.6798407319
358,case4,1.95220607129,7.89062397535,6.35154431548,10.0,13.1945218898,-12.8602585843
359,case4,1.38141390078,2.35827994099,6.82601704167,10.0,11.7268979402,-19.9123402416
360,case4,1.6761529862,-5.83386844207,5.97873170144,10.0,10.7003827504,-26.1151788588
361,case4,1.78662893075,-6.50245859843,6.08229481433,10.0,10.7175491185,-26.8804192963
362,case4,1.16736527652,9.10911986947,6.15575396868,10.0,12.6471384961,-12.0350227914
363,case4,1.68174901456,4.58501143175,5.93034697571,10.0,12.454892888,-15.5939335051
364,case4,1.51721382764,12.1135856435,6.02316030118,10.0,13.5283815598,-8.41552113117
365,case4,1.02770707378,-5.28478983182,5.90820159535,10.0,10.1332234062,-26.0734859487
366,case4,1.03919178192,5.6668977185,6.43130438759,10.0,11.9203346072,-16.1565192748
367,case4,1.88494449293,3.46936849888,5.81843555179,10.0,12.4812162,-16.2825581118
368,case4,1.69193705979,1.66959011828,6.02673312113,10.0,11.9689677636,-18.6919390642
369,case4,1.81305814818,2.85710870957,5.78666153378,10.0,12.3067985705,-16.9031562098
370,case4,1.43442797748,9.87697359039,5.16881504462,10.0,13.3453057135,-9.02622852138
371,case4,1.23813525876,0.548696244714,5.37773715893,10.0,11.3401663228,-18.9686428144
372,case4,1.70665559057,-1.14393029924,5.66596353591,10.0,11.5047604862,-20.7692017805
373,case4,1.58928310181,3.42024602948,5.72860417926,10.0,12.1863301175,-16.4476792272
374,case4,1.95634896067,2.60696872596,5.96701403143,10.0,12.3932456585,-17.3707103762
375,case4,1.54560690189,9.0140687036,5.8003469769,10.0,13.0996637091,-11.0410183483
376,case4,1.79954146038,3.87678245269,6.73345809349,10.0,12.3752905627,-17.7905922739
377,case4,1.90404637408,7.08136252489,5.18810664191,10.0,13.2689686885,-11.3908043848
378,case4,1.27777128943,7.54627461361,6.27825049999,10.0,12.4797422228,-13.7324550969
379,case4,1.23714824548,2.07792987434,5.99226610803,10.0,11.5839168697,-18.6694540962
380,case4,1.58256210205,0.980563033777,5.65273322532,10.0,11.7560291656,-18.7423413148
381,case4,1.20756520956,10.4123671192,6.01121203388,10.0,12.9397228943,-10.402491739
382,case4,1.62382925766,-2.35894032191,5.96273935568,10.0,11.2282157349,-22.6605897756
383,case4,1.96998391423,-8.33385937995,6.51247033626,10.0,10.6903067795,-29.3888161382
384,case4,1.68563842138,0.598642668604,6.63051777063,10.0,11.7759243823,-20.9767544513
385,case4,1.1066054785,-4.76026865008,5.88927662718,10.0,10.2983111919,-25.4322164259
386,case4,1.09732393671,8.63321821883,5.71898897135,10.0,12.6068946427,-11.7074357872
387,case4,1.41873560821,1.65696613483,5.71026299391,10.0,11.7089089569,-18.3448242448
388,case4,1.28979692829,5.10349977539,6.33199478673,10.0,12.095783027,-16.2706928698
389,case4,1.9714844576,-2.23206935084,5.8659283362,10.0,11.5909702026,-21.9924415656
390,case4,1.44852037488,7.12881979892,6.85707893848,10.0,12.4881496198,-15.1368177032
391,case4,1.96306151991,0.754617296518,6.14390431114,10.0,12.0858852584,-19.5701298058
392,case4,1.25969445143,7.17756279949,5.75958674996,10.0,12.5058885121,-13.081916249
393,case4,1.37661898144,3.38608053902,6.23500582308,10.0,11.9196947435,-17.7073121257
394,case4,1.47545697684,-1.14195020644,6.75936089726,10.0,11.3065134593,-23.1852150241
395,case4,1.5440868309,9.22418821182,6.10598502144,10.0,13.0547666278,-11.4436950002
396,case4,1.80349978351,1.28013133022,5.87540615049,10.0,12.0213794156,-18.6671811872
397,case4,1.46242463978,3.17096745216,5.93792875327,10.0,11.9964437538,-17.2424654146
398,case4,1.0959704527,7.93060080665,6.29662477724,10.0,12.3554707544,-13.5666782951
399,case4,1.69450644275,-4.8425726609,5.49459081262,10.0,10.8131719037,-24.1372478434
